alpha,lambda
218.60093544695616,1859.2940891388655
