alpha,lambda
139.62753022276695,115.13914674575148
