alpha,lambda
120.87652760159263,1092.8860843562256
